id,creationTimeSeconds,commentatorHandle,locale,text,rating
1212812,1730053064,unalive,en,"<div class=""ttypography""><p>qp</p></div>",-82
1212899,1730069163,Barakat.,en,"<div class=""ttypography""><p>dp</p></div>",0
1212943,1730090335,deepdblm,en,"<div class=""ttypography""><p>I got a question, the penalty of time i.e. 10 minutes is the format of div. 3 and it is in this contest which is div. 2 so will the hacks have -ve points on unsuccessful attempts?</p></div>",0
1212954,1730092464,BiggestOtaku,en,"<div class=""ttypography""><p>pp</p></div>",-1
1212955,1730092538,bihnehminduh,en,"<div class=""ttypography""><p>glhf</p></div>",0
1212956,1730092555,_Robi,en,"<div class=""ttypography""><p>If I get minus again in this contest,I will leave CP.</p></div>",19
1212957,1730092570,_Robi,en,"<div class=""ttypography""><p>qq</p></div>",-10
1212958,1730092677,BiggestOtaku,en,"<div class=""ttypography""><p>No, hacks are done after contest ends so there is no penalty</p></div>",0
1212967,1730095322,deepdblm,en,"<div class=""ttypography""><p>but it is written 12 hours hacking phase</p></div>",0
1212976,1730098301,dark111,en,"<div class=""ttypography""><p>12 hours after the contest ends</p></div>",0
1213053,1730114423,g_x_j,en,"<div class=""ttypography""><p>bd</p></div>",37
1213056,1730115166,Vitaly503,en,"<div class=""ttypography""><p>Did you know that 95% of people leave codeforces before their biggest delta ever?</p></div>",111
1213057,1730115257,Equation_Tracker,en,"<div class=""ttypography""><p>cp</p></div>",-11
1213058,1730115414,Equation_Tracker,en,"<div class=""ttypography""><p>That's why I am still CPing after getting $$$-35$$$ and $$$-8$$$ in a row. (Got $$$+4$$$ is the last contest :))</p></div>",1
1213069,1730116838,longdue,en,"<div class=""ttypography""><p>CP is not for rating just telling you, be better you will be higher rated. Its a hard skill, keep practicing. </p></div>",0
1213071,1730117397,sleepyAdarsh,en,"<div class=""ttypography""><p>I am still going to give this contest although got -102 :( in last contest</p></div>",-1
1213073,1730117569,picoton,en,"<div class=""ttypography""><p>only -43? lol</p></div>",0
1213081,1730119156,wltt,en,"<div class=""ttypography""><p>Don't leave! I'll touch your acc and help you.</p></div>",9
1213082,1730119175,AliiM,en,"<div class=""ttypography""><p>gg</p></div>",-11
1213083,1730119198,stakudog,en,"<div class=""ttypography""><p>100% actually, even tourist</p></div>",-5
1213092,1730119990,pratyush_24,en,"<div class=""ttypography""><p>help me also!!</p></div>",0
1213094,1730120095,wltt,en,"<div class=""ttypography""><p>Are you planning to leave CP too? :(</p></div>",0
1213096,1730120906,_Robi,en,"<div class=""ttypography""><p>Yes, I need your help! :((</p></div>",0
1213099,1730121346,kagelov,en,"<div class=""ttypography""><p>I haven't lately been able to see any of the other users' submissions. Everything I see is &quot;N/A&quot; for source code, even for problems I have solved. Any solution to this very annoying issue? Thanks!</p></div>",1
1213109,1730122554,CaveNightingale,en,"<div class=""ttypography""><p>lol. I solved $$$1$$$ problem and got $$$-253$$$ in a contest <a href=""https://codeforces.com/submissions/CaveNightingale/contest/1930"">CF1930</a></p></div>",5
1213120,1730123686,Equation_Tracker,en,"<div class=""ttypography""><p>Thanks. You guys motivated me.</p><p><strong>Edit:</strong> Motivation overloaded :). Lost $$$37$$$ in the last round (Solved only one question which is worse than my first ever contest in CF)</p></div>",0
1213121,1730123823,Marubozu_,en,"<div class=""ttypography""><p>cf</p></div>",-11
1213124,1730124247,brave-kid,en,"<div class=""ttypography""><p>Today is my debut contest with Rainboy strategy , gonna start from $$$D$$$</p></div>",1
1213125,1730124291,pirate__hunter,en,"<div class=""ttypography""><p>-59 in the last 3 contests üòé</p></div>",0
1213130,1730124814,minuki646,en,"<div class=""ttypography""><p>take a rest/leave when it's no longer feels good. Comeback when you feel it or just leave it be.</p></div>",0
1213133,1730125186,sleepyAdarsh,en,"<div class=""ttypography""><p>get ready for -250 XD jk bro all the best hope u do best</p></div>",0
1213135,1730125339,kovid17,en,"<div class=""ttypography""><p>hmm.. brave-kid ohhh ok!</p></div>",0
1213138,1730125526,bjjvsrjjt,en,"<div class=""ttypography""><p>-140 and -54 in a row :(, for me</p></div>",0
1213141,1730125607,sarodesparsh,en,"<div class=""ttypography""><p>As a contestant, I wish to test the problems live</p></div>",-2
1213143,1730125935,sarodesparsh,en,"<div class=""ttypography""><p>Can confirm, <a class=""rated-user user-violet"" href=""/profile/wltt"" title=""–ö–∞–Ω–¥–∏–¥–∞—Ç –≤ –º–∞—Å—Ç–µ—Ä–∞ wltt"">wltt</a> touching my account helped me</p></div>",0
1213144,1730125959,pratyush_24,en,"<div class=""ttypography""><p><em>-</em></p></div>",10
1213145,1730125967,i3mr125,en,"<div class=""ttypography""><p>It's extended ICPC rules, it's not beneficial to do this.</p></div>",0
1213149,1730127372,thietgia3452002,en,"<div class=""ttypography""><p>Doing contest, problem B feels weird AF so imma skip it. Please correct me if it's skill issue.</p></div>",0
1213167,1730132794,fluxx,en,"<div class=""ttypography""><p>Haha, I broke your silly chain.</p></div>",-8
1213170,1730133343,DuongForeverAlone,en,"<div class=""ttypography""><p>$$$A$$$ is hard ._.</p></div>",8
1213171,1730133360,Violet___Evergarden,en,"<div class=""ttypography""><p>What the hell is this Problem B? </p></div>",4
1213172,1730133376,kmth.7z,en,"<div class=""ttypography""><p>took 2 minutes for A and 2 hours for B</p><p>hardest B i've ever seen fr</p></div>",11
1213173,1730133407,d.o.,en,"<div class=""ttypography""><p>how to solve E?</p></div>",0
1213174,1730133408,Chess.Master,en,"<div class=""ttypography""><p>It's too standard problem, Just Binary Search the possible values of K, Solve more problems and you will find that it's a very common standard problem.</p></div>",-1
1213175,1730133412,sarodesparsh,en,"<div class=""ttypography""><p>B?!!!! Why is n &lt; 2000? Is it really n^2 for odd n? How to solve B?</p></div>",3
1213178,1730133420,Subarna1,en,"<div class=""ttypography""><p>What is the solution for B?</p></div>",0
1213177,1730133420,louisjohns32,en,"<div class=""ttypography""><p>c's gonna make me cry when i see the case im failing on</p></div>",3
1213179,1730133438,the_last_smilodon,en,"<div class=""ttypography""><p>Actually I found A harder than B.</p></div>",1
1213180,1730133444,Chess.Master,en,"<div class=""ttypography""><p>How to solve D? Is it a Segment Tree?</p></div>",-5
1213181,1730133445,Shoeib,en,"<div class=""ttypography""><p>please don't write problems like B again</p></div>",8
1213182,1730133449,ducksson,en,"<div class=""ttypography""><p>after the contest, i felt like it is somehow harder than the last div1+2</p></div>",5
1213183,1730133451,i3mr125,en,"<div class=""ttypography""><p>Many low-rated people solved D in the last 15 minutes, I don't know if it's my skill issue but I don't think it is an easy problem. So please skip those who cheated.</p></div>",4
1213184,1730133470,shviv1,en,"<div class=""ttypography""><p>I attempted only the first two problems and found both of them weird, or maybe I am making some blunders; I don't know.</p></div>",0
1213185,1730133478,SuperMo,en,"<div class=""ttypography""><p>couldn't solve any thing I'm mad but at least the problems are not guessing problem </p></div>",3
1213186,1730133479,123gjweq2,en,"<div class=""ttypography""><p>fr</p></div>",-3
1213187,1730133503,i3mr125,en,"<div class=""ttypography""><p>Actually, I think it's a very good and tricky problem. No one on my friends list got it on the first try.</p></div>",0
1213188,1730133505,minuki646,en,"<div class=""ttypography""><p>&quot;black circles&quot; flashbacks... <a href=""/contest/2002/problem/C"">2002C - –ß—ë—Ä–Ω—ã–µ –∫—Ä—É–≥–∏</a></p></div>",0
1213189,1730133532,retard.,en,"<div class=""ttypography""><p>I mean I like prefix sums, but prefix sums of prefix sums of prefix sums is too much man.</p></div>",33
1213191,1730133546,vivekananda1001,en,"<div class=""ttypography""><p>Ahh, so it's not just me? I literally have NO idea how people managed to come up with B's solution in such less time :(</p></div>",0
1213192,1730133553,alpha1215,en,"<div class=""ttypography""><p>AC D at 1:59 :)</p></div>",-1
1213193,1730133564,DuongForeverAlone,en,"<div class=""ttypography""><p>I saw lots of max flow solutions.</p></div>",0
1213194,1730133584,sarodesparsh,en,"<div class=""ttypography""><p>I feel like you either observe the solution instantly for A or you don't at all.</p></div>",1
1213195,1730133587,DuongForeverAlone,en,"<div class=""ttypography""><p>It's just some prefix sum stuffs</p></div>",0
1213196,1730133650,MonoLith,en,"<div class=""ttypography""><p>Yepp just brute force for every index For every index I push a[I] +1 just after a[I] and then check the minimum among all maximum You can see my code </p></div>",-5
1213197,1730133663,nivedkml,en,"<div class=""ttypography""><p>You can binary search for each k from low = 0 and high. = (arr[n-1] ‚Äî arr[0])</p> <div class=""spoiler""><b class=""spoiler-title"">Code</b><div class=""spoiler-content"" style=""display: none;""><pre><code>#include &lt;bits/stdc++.h&gt;
using namespace std;

#define pii pair&lt;int, int&gt;
typedef long long ll;
typedef long double ld;

const int mod = 1e9 + 7;

bool check (ll k, vector&lt;ll&gt;&amp; a) {
  int n = a.size();
  int cnt = 0;
  for(int i = 1; i &lt; n; i++) {
    if (a[i] - a[i-1] &lt;= k) {
      cnt++;
      i++;
    }
  }
  
  return cnt &gt;= n/2;
}

void solve () {
  int n;
  cin&gt;&gt;n;
  
  vector&lt;ll&gt; a(n);
  for (int i = 0; i &lt; n; i++)
    cin&gt;&gt;a[i];
    
  ll low = 1, high = a[n-1] - a[0];
  
  while (low &lt; high) {
    ll mid = low + (high - low)/2;
    
    if (check(mid, a))
      high = mid;
    else
      low = mid + 1;
  }
  
  cout&lt;&lt;low&lt;&lt;&quot;\n&quot;;
}

int main() 
{
    ios_base::sync_with_stdio(false);
	  cin.tie(NULL);
	  
	  int t;
    cin&gt;&gt;t;
    
    while (t--)
      solve();
}
</code></pre></div></div></div>",0
1213198,1730133667,d.o.,en,"<div class=""ttypography""><p>prefsums + binary search. you can check my sol <a href=""https://codeforces.com/contest/2026/submission/288582700"">https://codeforces.com/contest/2026/submission/288582700</a></p></div>",5
1213199,1730133677,chlalstjr,en,"<div class=""ttypography""><p>AC D at 2:01 :(</p></div>",25
1213200,1730133691,d.o.,en,"<div class=""ttypography""><p>me too, but why them work?</p></div>",0
1213201,1730133701,vitorfariaa,en,"<div class=""ttypography""><p>yeah, for even N you just sort and pair up, and for odd you test all possible Ai that you could pair up with the extra cell</p></div>",0
1213202,1730133718,christmas964,en,"<div class=""ttypography""><p>Thank you very much for contest.</p></div>",0
1213204,1730133733,MonoLith,en,"<div class=""ttypography""><p>I spent close to 38 minutes for problem A and got one wrong on B just in hurry of choices Struggle is real kn geometry problems </p></div>",-7
1213205,1730133738,minuki646,en,"<div class=""ttypography""><p>today D feels like a buffed version of <a href=""/contest/2009/problem/F"" title=""Codeforces Round 971 (Div. 4)"">2009F - –ó–∞–ø—Ä–æ—Å—ã –°–≤–µ—Ç–ª—è—á–∫–∞</a>.</p><p>Which I regret haven't upsolve the problem yet...</p><p>But idk maybe I'd stuck on this anyway.</p></div>",8
1213206,1730133751,123gjweq2,en,"<div class=""ttypography""><p>damn that's a lot of prefix sums</p></div>",5
1213207,1730133774,vitorfariaa,en,"<div class=""ttypography""><p>i literally kept testing everything I could think of on A and somehow it passed</p></div>",0
1213208,1730133792,sarodesparsh,en,"<div class=""ttypography""><p>Thanks, can you give a case where the picking the either last or first doesn't work for odd n? I couldn't come up with such a case</p></div>",0
1213209,1730133794,YocyCraft,en,"<div class=""ttypography""><p>E: Build a bipartite graph with n vertexs on the left and 60 vertexs on the right. For each 1&lt;=i&lt;=n and 0&lt;=j&lt;60, we add an edge if a[i] has j-th bit set on. For any subset of left nodes, the score is (number of chosen left vertexs )-(number of right vertexs with edge connected to chosen left vertexs ) = (number of chosen left vertexs )+(number of right vertexs without connection to chosen left vertexs )-60, then the answer is (Size of maximum independent set)-60. By the Konig theorem: In any bipartite graph, the size of maximum matching is same as minimum vertex corver, and (size of minimum vertex corver)+(size of maximum independent set)=n+60, we can calculate answer by any maximum matching algorithm.</p></div>",28
1213210,1730133811,Al_Imran16731,en,"<div class=""ttypography""><p>If i've submitted twice of one problem which one will be counted? If first one is hacked then second one counted?</p></div>",0
1213211,1730133819,anishray042,en,"<div class=""ttypography""><p>I guess since n was low enough for n^2, for odd n we can just brute force as we need to insert one extra number anywhere in the given array. Obviously, only at max 2*n possible values as we want new number to be closest to each a[i].</p></div>",0
1213212,1730133838,Shoeib,en,"<div class=""ttypography""><p>after the first WA2, i waste about 50mins. at WA5 bcos i were minimizing the ans with 1e15 :(</p></div>",-3
1213213,1730133854,i3mr125,en,"<div class=""ttypography""><p>They are not similar at all.</p></div>",-3
1213214,1730133864,nivedkml,en,"<div class=""ttypography""><p>You can do in O(n + log2(max(ai)) using binary search. You can check this <a href=""https://codeforces.com/blog/entry/135588?#comment-1213197"">comment</a>.</p></div>",0
1213215,1730133879,ShardsOfNarsil,en,"<div class=""ttypography""><p>There is nothing educational about B. </p></div>",7
1213216,1730133922,m_nature,en,"<div class=""ttypography""><p>What? It's just a standard binary search problem.</p></div>",-1
1213217,1730133930,ducksson,en,"<div class=""ttypography""><p>i gave up after trying too much prefix</p></div>",3
1213218,1730133969,p1k4,en,"<div class=""ttypography""><p>the last submission that passes pretests will be counted</p></div>",0
1213219,1730133981,ab_malek,en,"<div class=""ttypography""><p>I did it with o(n^2). You can actually remove each element and cut the array at that position to make the array two even array and solve it.</p><p>I think this intuition is less complex to solve the problem. By also accepting o(n^2) authors try to make the problem simpler.</p></div>",0
1213220,1730133983,wltt,en,"<div class=""ttypography""><p>$$$B$$$ is also <span style=""font-family: Cursive;color: rgb(255,0,127);text-shadow: 2.0px 2.0px 5.0px rgb(0,0,0);"">hard</span> ._. <br /> Sucked without seeing small $$$n$$$.</p></div>",0
1213221,1730133996,Shoeib,en,"<div class=""ttypography""><p>B reminds me with this <a href=""https://codeforces.com/contest/2004/problem/B"">problem</a></p></div>",1
1213222,1730134001,DivinePunishment,en,"<div class=""ttypography""><p>im really confused why my binary search submission failed on B, and then my brute force one passed. obviously n is 2000, so i kinda knew it was brute force, but i didnt come up with any counter test case for my binary search one, can someone give a counter example?</p></div>",1
1213223,1730134021,MonoLith,en,"<div class=""ttypography""><p>For n= 7</p><p>1 2 3 1000 1001 1002 1003 It's optimal to add answer is 1 If I add 4 after 2nd index (0 based) And then pair (1 2) (3 4) (1000 1001) (1002 1003) But If you add in begining or end it will be 997 </p></div>",-5
1213224,1730134038,Oanh_va_Khoi,en,"<div class=""ttypography""><p>In problem E, what does &quot;set bit&quot; mean ? </p></div>",0
1213225,1730134043,mahendraakshansh,en,"<div class=""ttypography""><p><a href=""https://codeforces.com/contest/2026/submission/288585044"">https://codeforces.com/contest/2026/submission/288585044</a></p><p>can someone help why this is wrong?</p><p>Greedy solution. Logic is that I store all the i where s[i] == 1 in a greater int set. ans = (n*(n+1))/2</p><p>I iterate over them{ count = 0; I have 2 variables l and r, I iterate over l from n-&gt;0. if I find s[l] == 0, then count++; if I find s[l] == 1 then I check on count, if it is 0 then I move more left.</p><p>When my 0s are exhausted, I move to r and only check the 1s from 1-&gt;n, if there is a 1 corresponding the I make count++, if there isnt then I break,</p><p>if there is a count then I reduce the answer by the indes of the one in the starting loop}</p></div>",0
1213227,1730134107,DuongForeverAlone,en,"<div class=""ttypography""><p>Not quite, B is just tricky</p></div>",0
1213228,1730134110,marcobonato,en,"<div class=""ttypography""><p>Does anyone know what's wrong with my solution for B at <a href=""/contest/2026/submission/288576824"" title=""–ü–æ—Å—ã–ª–∫–∞ 288576824 –æ—Ç marcobonato"">288576824</a>? It seems to me like it should work, but sadly it fails on test 2.</p></div>",0
1213229,1730134131,Oanh_va_Khoi,en,"<div class=""ttypography""><p>Can you explain to me what does &quot;set bit&quot; mean ?</p></div>",0
1213230,1730134143,mir,en,"<div class=""ttypography""><p>Or just think of it as the classical Project selection problem.</p><p>The bits are the machines.</p><p>The numbers are the projects.</p></div>",22
1213231,1730134147,minuki646,en,"<div class=""ttypography""><p>try this</p><p>5</p><p>1 2 4 6 7</p></div>",0
1213232,1730134184,louisfghbvc,en,"<div class=""ttypography""><p>PD I know prefix sum. But just too heavy implemention... run out of time. :(</p></div>",6
1213233,1730134185,Noobish_Monk,en,"<div class=""ttypography""><p>Do I understand right that problem F is just:</p><p>Code persistent queue on 6 stacks, in stacks we store knapsacks, so when answering the query we can just take left and right knapsacks and bruteforce the sum on each edge</p></div>",3
1213234,1730134213,anishray042,en,"<div class=""ttypography""><p>5</p><p>1 2 20 25 26</p></div>",0
1213235,1730134214,DuongForeverAlone,en,"<div class=""ttypography""><p>I used $$$4$$$ different prefixes in total ._.</p></div>",0
1213236,1730134223,DivinePunishment,en,"<div class=""ttypography""><p>i get 1 on both of my solutions</p></div>",0
1213237,1730134232,Noobish_Monk,en,"<div class=""ttypography""><p>bits that are 1 in the bitwise OR</p></div>",3
1213238,1730134273,Rising-coder,en,"<div class=""ttypography""><p>Why is div2E max flow :( <br /> I hope there are simpler solutions</p></div>",11
1213239,1730134279,Al_Imran16731,en,"<div class=""ttypography""><p>Thnak you!! But in current standing showing first one counted!!will this updated?</p></div>",0
1213240,1730134304,Oanh_va_Khoi,en,"<div class=""ttypography""><p>Thank you, I thought that it the last bit which equal to 1, so I used Dp and got wrong ans</p></div>",-3
1213241,1730134329,informal007,en,"<div class=""ttypography""><p>Is large number in cpp necessary to solve problem D?</p><p>Is there a great large number template in cpp? emmmmm</p></div>",0
1213242,1730134337,Yugandhar_Master,en,"<div class=""ttypography""><p>But how you become CM without knowing what is set bit. I'm not insulting you just curious to know </p></div>",19
1213243,1730134362,YocyCraft,en,"<div class=""ttypography""><p>If the j-th bit of a[i] is 1. Or if ((a[i]&gt;&gt;j)&amp;1)==1</p></div>",0
1213244,1730134387,sarodesparsh,en,"<div class=""ttypography""><p>Thanks got it! </p></div>",0
1213245,1730134388,prathamalu1,en,"<div class=""ttypography""><p>NO you didn't</p><p>LL</p></div>",4
1213246,1730134405,Saivishwas,en,"<div class=""ttypography""><p>how to solve C?</p></div>",0
1213247,1730134414,wltt,en,"<div class=""ttypography""><p>Not quite, A is just output.</p></div>",1
1213248,1730134453,Yugandhar_Master,en,"<div class=""ttypography""><p>Awesome idea </p></div>",10
1213251,1730134540,LJY--2002,en,"<div class=""ttypography""><p>wrong A why cant long long ? <a href=""https://codeforces.com/contest/2026/submission/288534007"">https://codeforces.com/contest/2026/submission/288534007</a></p><p>0 0 68724335200 68724335200 0 68724335200 68724335200 0 0 0 68724335200 68724335200 0 68724335200 68724335200 0 0 0 68724335200 68724335200 0 68724335200 68724335200 0 0 0 68724335200 68724335200 0 68724335200 68724335200 0 </p><p>wrong output format Expected int32, but &quot;68724335200&quot; found (test case 1)</p></div>",0
1213252,1730134543,ducksson,en,"<div class=""ttypography""><p>nah, it is just 10 millions prefix sums</p></div>",17
1213253,1730134583,Valenz,en,"<div class=""ttypography""><p>I transverse the array from back to front and use deque to be able to pop front efficiently. The greedy part is to match higher indexed '1' with any first '0' found and pop it. Then, if there are still '1's remaining, just pick the lowest half.</p></div>",0
1213255,1730134593,Igor_Parfenov,en,"<div class=""ttypography""><p>That is... beautiful...</p></div>",10
1213256,1730134672,ducksson,en,"<div class=""ttypography""><p>yea, i gave up on d too</p></div>",3
1213257,1730134733,_Robi,en,"<div class=""ttypography""><p>Will I leave CP cause I am sure that I will get minus... I solved 0 problem...</p></div>",0
1213259,1730134793,nguyenquocthao00,en,"<div class=""ttypography""><p>Binary search is possible but not necessary. This can be solved in O(n)</p></div>",1
1213260,1730134810,bacxiuda,en,"<div class=""ttypography""><p>Can anyone try to hack <a href=""https://codeforces.com/contest/2026/submission/288588854"">this submission</a>? I think greedy cannot pass this problem.</p></div>",11
1213261,1730134884,minuki646,en,"<div class=""ttypography""><ul>   <li>think of a number 0 can carry the most expensive 1 (right most one)</li>   <li>after eliminate all the 0, the array is left with all the 1, then again, a left most 1 can carry the right most one. (*)</li>   <li>the answer is sum of all 0 index and all 1 index left in (*)</li> </ul><p>main take away is just greedy and 2 pointers </p></div>",1
1213262,1730134893,FrostBytee,en,"<div class=""ttypography""><p>Same with B ig</p></div>",0
1213263,1730134897,chaihard,en,"<div class=""ttypography""><p>The algorithm I used:</p> <ol>   <li>Greedily scan from right to left</li>   <li>If s[i] = 1, pair it with rightmost '0' (pos&lt;i)</li>   <li>Else pair it with the leftmost '1'</li> </ol><p>In 2,3 just store the i, in these cases only, you will be saving money.</p></div>",1
1213264,1730134899,Igor_Parfenov,en,"<div class=""ttypography""><p>Looks like weird behavior because of reading before and after <code>sync_with_stdio</code>. Place it at the beginning.</p></div>",0
1213265,1730134906,thietgia3452002,en,"<div class=""ttypography""><p>Check my braindead solution (that divide to 2 cases of N like you): <a href=""/contest/2026/submission/288562462"" title=""–ü–æ—Å—ã–ª–∫–∞ 288562462 –æ—Ç thietgia3452002"">288562462</a><br />(Why braindead? It just bruteforce every possible choice of &quot;removal&quot; in case N is odd and find the &quot;best&quot; choice (variable &quot;minn&quot;)).<br />(Case N is even, my solution is the same as yours)</p></div>",0
1213266,1730134925,heWhoCooks,en,"<div class=""ttypography""><p>observe if we have <code>n==even</code> , then we cant take the extra element as that can't be compensated by any other element while making pairs so just find the max difference b/w consecutive elements, if <code>n==odd</code> , we have the choice to leave one element and find an extra new one for it, we can do this for each element and store the max diff to the right of it and to the max diff b/w consecutive elements to the left of it and take the max of both the overall answer for this case would be minimum of all such cases</p></div>",0
1213267,1730134928,BayernForce,en,"<div class=""ttypography""><p>In these contests, is wrong answer on Test 1, considered as a penalty ?</p></div>",0
1213268,1730134930,Jerrasterix,en,"<div class=""ttypography""><p>It is quite similar to &quot;socks 2&quot; of ABC although a bit different</p></div>",0
1213269,1730134993,heWhoCooks,en,"<div class=""ttypography""><p>Solution can be seen here : <a href=""https://pastebin.com/WyE4dwSL"">https://pastebin.com/WyE4dwSL</a></p></div>",0
1213271,1730135035,Chess.Master,en,"<div class=""ttypography""><p>Yes but it a standard binary search problem, The O(n) solution will be hard to implement and we don't need this at all, </p></div>",0
1213272,1730135077,thietgia3452002,en,"<div class=""ttypography""><p>N is only 2000 so i was tired with it and decided to go &quot;Fk it&quot; and yolo with O(N^2). </p><p>&gt; inb4 &quot;O(N) exist&quot;, I know but I'm too tired with B and I just want to get over with it.</p></div>",3
1213273,1730135099,Evil_Morty_,en,"<div class=""ttypography""><p>B is a standard problem, and it took me nothing to figure out the solution.</p></div>",0
1213274,1730135138,drexdelta,en,"<div class=""ttypography""><p>Either I am getting dumb day after day, or A,B,C are actually getting difficult contest after contest. </p><p>Yesterday was Div (1 + 2) contest.</p><p>Today it is simply Div-2 contest. </p><p>I felt like today's ABC were more difficult, than Yesterday's ABC. </p></div>",1
1213276,1730135163,heWhoCooks,en,"<div class=""ttypography""><p>A had a really nice hint for the idea that <code>AB, CD are diagonals of a square</code> with side <code>min(x,y)</code> i.e. K&lt;=1414 , hinting the appearance of <code>root of 2</code></p></div>",0
1213277,1730135228,thietgia3452002,en,"<div class=""ttypography""><p>√Å ƒë√π h·ªôi anh em KHTN.<br />Figured that the O(N) solution would be just &quot;stitching&quot; a[i-1] and a[i+1] together for every i and check, right?</p></div>",5
1213278,1730135260,broy,en,"<div class=""ttypography""><p>I don't think so. Someone has commented about it here: <a href=""https://codeforces.com/blog/entry/105575?#comment-939387"">Link</a></p></div>",1
1213279,1730135317,drexdelta,en,"<div class=""ttypography""><p>same.</p></div>",3
1213281,1730135350,BayernForce,en,"<div class=""ttypography""><p>Thanks a lot!</p></div>",0
1213283,1730135369,LMeyling,en,"<div class=""ttypography""><p>Problem E seems <a href=""https://codeforces.com/gym/104945/problem/B"">familiar</a></p></div>",19
1213286,1730135437,minuki646,en,"<div class=""ttypography""><p>Nope</p><p>Today I solved ABC, but yesterday C was giving me an insomnia...</p></div>",-1
1213288,1730135499,ciprianamza,en,"<div class=""ttypography""><p>I also found yesterday's B much easier than today's A or B. Both today's and yesterday's A were a bit more complicated written than usual. Today's C was much easier (at least for me) than yesterday's C, sadly I ran out of time. :D</p></div>",1
1213290,1730135682,Aritro_,en,"<div class=""ttypography""><p>beneficial if you can make sure that you will solve it and if it is a points giving contest.</p></div>",0
1213291,1730135724,Nandan1436,en,"<div class=""ttypography""><p>Could anyone please explain how to do B? I used binary search, but it didn't work.</p></div>",0
1213292,1730135810,Aritro_,en,"<div class=""ttypography""><p>Take a break</p></div>",0
1213294,1730135826,i3mr125,en,"<div class=""ttypography""><p>just brute force the point which will be paired with a point outside the given set.</p></div>",0
1213293,1730135826,vitorfariaa,en,"<div class=""ttypography""><p>you could use binary search or brute force (idk the binary search way)</p><p>but in the bruteforce way, if n is even, you just pair up all cells, and if its odd, you test removing every cell and pairing up the others to see which way is cheaper</p></div>",0
1213296,1730135953,-firefly-,en,"<div class=""ttypography""><p>Miss chance to become master AGAIN by declaring $$$a_i$$$ of Problem E as <code>int</code>, not <code>long long</code>.</p><p>Note: shifting more than bit width is an undefined behavior, so I get WA1, not WA2 or WA3, which is confusing to me.</p></div>",8
1213298,1730136075,dino_merlin,en,"<div class=""ttypography""><p>D is very reminiscent of Mosaic from this year's IOI.</p></div>",15
1213299,1730136084,-firefly-,en,"<div class=""ttypography""><p>It's optimal to paint neighbors.</p></div>",0
1213301,1730136296,dg351,en,"<div class=""ttypography""><p>Can anyone please explain why my solution fails: </p><p>Method: For even n, directly calculate the max distance between all pairs (a[0],a[1]), (a[2], a[3]).....</p><p>For odd n, calculate min(max(((a[0],a[1]), (a[2], a[3]).....), ((a[1],a[2]),(a[3],a[4]).....))).</p><p><a href=""https://codeforces.com/contest/2026/submission/288541230"">Submission</a></p></div>",0
1213302,1730136334,xsyncwave,en,"<div class=""ttypography""><p>If <code>s[i] = 0</code>, the value $$$i + 1$$$ would be added to the <code>cost</code> no-matter what.</p><p>Go from right to left. The idea is to greedily exhaust the rightmost $$$1's$$$ with the first encountered $$$0's$$$ from right to left. If we exhaust in pairs, we will be able to remove as many $$$1's$$$ as possible.</p><p>Use a <code>std::deque</code> to store the cost generated by $$$1's$$$. Larger values are stored in the front. <br /></p><p>if <code>s[i] == 0</code>, <br />  if <code>!dq.empty()</code> do <code>pop.front();</code> if it is empty, we can pair it with the already exhausted $$$1's$$$. <br /> do <code>cost += i + 1</code></p><p>if <code>s[i] == 1</code> do <code>dq.push_back(i + 1)</code>. Finally when the <code>dq</code> contains $$$1's$$$, we can greedily exhaust the largest(front) and smallest(back) values.</p><p><a href=""https://codeforces.com/contest/2026/submission/288593783"">https://codeforces.com/contest/2026/submission/288593783</a></p></div>",1
1213303,1730136342,Aritro_,en,"<div class=""ttypography""><p>The worst contest in codeforces history</p></div>",-41
1213304,1730136404,-firefly-,en,"<div class=""ttypography""><p>Consider <code>1 2 10 20 21</code></p></div>",0
1213307,1730136493,towrist,en,"<div class=""ttypography""><p>Spent a lot of time thinking about E after coming up with the obvious Maximum Matching algorithm, not able to believe its actually the intended solution.</p><p>While not having a template for it cost me today's E, I am really surprised Maximum Matching was allowed to appear in E, especially when the idea that each bit should have atleast one unique entry is quite simple. </p></div>",0
1213308,1730136516,dg351,en,"<div class=""ttypography""><p>Got it, thanks a lot.</p></div>",1
1213309,1730136553,Subarna1,en,"<div class=""ttypography""><p>My idea is also similarly. But I increment the iterator for even case with i++ instead of i+=2, and I spend whole 2 hours thinking some edge cases for odd case. </p><p>Now I get the mistake.</p></div>",0
1213315,1730136825,pagol,en,"<div class=""ttypography""><p>&quot;Euclidean or Manhattan&quot; missing from &quot;A&quot;s statement.</p></div>",0
1213316,1730137232,alexshao,en,"<div class=""ttypography""><p>Consider <code>1100011111</code></p></div>",0
1213318,1730137421,4uck_d3v,en,"<div class=""ttypography""><p>Are there any ways to solve problem E with dp? I tried to solve it with dp but get WA.</p><p>Let dp[i][j] represent the value of mask such that the number of 1-bits in mask is minimized when constructing a subsequence of length j with i as the last element of the sequence.</p><p>I think we can combine with some greedy tactics, such as save more than one mask for each dp[i][j] at a time.</p><p>Sorry for my bad English.</p></div>",-11
1213319,1730137606,hopium,en,"<div class=""ttypography""><p>-297 in the last 4 contests xD</p></div>",1
1213320,1730137631,Nandan1436,en,"<div class=""ttypography""><p>Thank you. Got AC. </p><p>But I'm still wondering why my BS solution didn't work. </p><p>Anyways, thanks.</p></div>",0
1213322,1730137706,sachin.13,en,"<div class=""ttypography""><p>why <code>return cnt &gt;= n/2; </code></p><p>how you got this idea?</p></div>",0
1213323,1730137762,qwertylkjhg,en,"<div class=""ttypography""><p>answer is n ‚Äî max pair matching in the graph, where left side vertices are 1,2...n and right side 0,1,2...59 ,edges i &lt;-&gt; j where a[i]'s j-th bit is set.</p></div>",5
1213324,1730137781,_Robi,en,"<div class=""ttypography""><p>The worst contest in codeforces history</p></div>",-29
1213325,1730137795,hopium,en,"<div class=""ttypography""><p>at least u did it, nice try xD I'm also doing it.</p></div>",1
1213326,1730137812,neal27,en,"<div class=""ttypography""><p>(assuming 1-based indexing everywhere) consider the b array as divided into blocks as this: (n size block) (n ‚Äî 1 size block) (n ‚Äî 2 size block)..... now consider one block which has starting element of pair as i. what is the sum of this block? s(i, i) + s(i, i + 1) + s(i, i + 2) + ... s(i, n) where s(l, r) is sum of a from l to r. you will see that in this expression, a[i] is added n + 1 ‚Äî i times. so calculate suffix array on a[i] by this rule (a[i] * (n + 1 ‚Äî i))</p><p>now if i want sum of k blocks, i need sum of block 1, sum of block 2, ... sum of block k i.e. suff[1] + suff[2] + .... suff[k] so create a prefix array on the suffix array created before.</p><p>now consider this problem: we want to find sum 1 to x, in array b:</p><p>first find number of blocks that are completely covered say k ‚Äî 1 (use binary search) add pref[k ‚Äî 1] then we are at block k, now if this block has l as left point of the pairs. we want to find (l, l) + (l, l + 1) +.... (l, l1) (l1 depends on where x lies in this block. now for this we can add suff[l] ‚Äî suff[l1 + 1] directly. but note : this followed rule (a[i] * (n + 1 ‚Äî i), but now a[i] has not been added (n + 1 ‚Äî i) times. you will see that now a[i] has been added (n + 1 ‚Äî i) ‚Äî (n ‚Äî l1) times. so you need to subtract s(l, l1) * (n ‚Äî l1). again have a prefix array on original a for this say this answer we calculated for sum of b from 1 to x, is given by f(x), then given query is answered by f(r) ‚Äî f(l-1).</p></div>",0
1213327,1730137848,jackson.souza,en,"<div class=""ttypography""><p>The solution is a direct application of Project Selection. Here is blog about this: <a href=""https://codeforces.com/blog/entry/101354"">https://codeforces.com/blog/entry/101354</a></p></div>",5
1213328,1730137920,cwz2024,en,"<div class=""ttypography""><p>Using random to solve E: (This is gonna WA on test 2) (OMG, it's running on test 10!) (OMG, it's running on test 20!) (OMG! It ACCEPTED!!!) (I'm going to submit a lot of them to ensure I can pass main test) (passed 6/27) (ALL 6 AC submissions are hacked, rank 103-&gt;511 QAQ)</p><p>So is there a way to hack these submissions at a high possibility? Or it was just because I was to silly when randomizing? Can these submissions be hacked? <a href=""/contest/2026/submission/288611596"" title=""–ü–æ—Å—ã–ª–∫–∞ 288611596 –æ—Ç cwz2024"">288611596</a> <a href=""/contest/2026/submission/288611196"" title=""–ü–æ—Å—ã–ª–∫–∞ 288611196 –æ—Ç cwz2024"">288611196</a></p></div>",-13
1213329,1730137938,vitorfariaa,en,"<div class=""ttypography""><p>np!</p></div>",0
1213330,1730138109,hopium,en,"<div class=""ttypography""><p>A is guess-forces </p></div>",0
1213332,1730138252,SuperMo,en,"<div class=""ttypography""><p>for problem B this case </p> <pre><code>2
1 3
</code></pre><p>why the answer is 2 and not 1 </p><p>if k=1 then we paint 1 and 2 and then we can easily paint 2 and 3 ??????????? why I'm reading the statement wrong every time ????</p></div>",0
1213333,1730138254,Alenygam,en,"<div class=""ttypography""><p>I did it in O(N). You can check out my solution: <a href=""/contest/2026/submission/288539510"" title=""–ü–æ—Å—ã–ª–∫–∞ 288539510 –æ—Ç Alenygam"">288539510</a></p></div>",0
1213334,1730138292,RDDCCD,en,"<div class=""ttypography""><p>Seems that problem F only have operation 3 in the sample. <a href=""https://codeforces.com/contest/2026/submission/288620339"">See here</a></p><p>code copied from jiangly's code and add one assertion on operation 3. Only have 96 tests during the contest while the verdict is RE on 97.</p></div>",19
1213336,1730138488,shouldorshouldnot,en,"<div class=""ttypography""><p>is flow hard?</p></div>",5
1213337,1730138528,heWhoCooks,en,"<div class=""ttypography""><p>no, the constraint has <code>k&lt;=1414</code>, hinting a factor of root of 2 occurred someherewhich gives an hint towards the formation of square with side length = <code>min(x,y)</code></p></div>",9
1213338,1730138539,marcobonato,en,"<div class=""ttypography""><p>You can only paint WHITE cells. So, after you paint 1 and 2, cell 2 will be black, so you can't use to paint 2 and 3 since you can only paint white cells.</p></div>",6
1213339,1730138574,SuperMo,en,"<div class=""ttypography""><p>why this case 2 and not 1 please answer </p> <pre><code><br />2
1 3
</code></pre><p>we can paint cell number 2 what is wrong with that ?</p></div>",0
1213340,1730138615,marcobonato,en,"<div class=""ttypography""><p>If it's not specified I think you can just assume Euclidan</p></div>",2
1213342,1730138734,mohmmdali,en,"<div class=""ttypography""><p>Leave CF. Go to LC and <a href=""http://atcoder.jp"">atc</a> spend 3 months solving mediums and A-D (on atc) there, and when you come to CF stop solving 800-1000, push yourself, gl</p></div>",0
1213344,1730138800,hopium,en,"<div class=""ttypography""><p>well, at least i guessed and got it right</p></div>",0
1213348,1730138979,nivedkml,en,"<div class=""ttypography""><p>I will try to explain it here, let me know if you get it or not.</p><p>cnt is the count of pairs, number of pairs should be n/2, as 2 elements make up a pair. Also imp thing is we only have to check diff between conseq elements as least diff of any j with current i will be when j = i + 1 as array is increasing. eg: if n = 6. there should be 3 pairs. if n = 7, there should be 3 pairs and the remaining 1 we can match by adding our available &quot;atmost one addition case&quot;.</p><p>n is even : Lets say a = {1, 5, 8, 10, 13, 14} and k = 3 here 1 and 14 would not get a pair (as (5-1) = 4 &gt; k &amp; 14 doesn't have a pair to match with), whereas (5, 8) and (10, 13) can make up pair. So cnt = 2. As we can only add atmost 1 number, we can't make pair for both 1 and 14. So k = 3 is not feasible. if cnt was 3 (= n/2) then that means all the numbers have pairs. So its feasible.</p><p>n is odd : Lets say a = {1, 5, 8, 10, 13} and k = 3 here 1 would not get a pair (as 5-1 = 4 &gt; k), whereas (5, 8) and (10, 13) can make up pair. So cnt = 2 (= n/2). As we can only add atmost 1 number, we can make a pair for 1 by adding 0. So k = 3 is feasible. </p></div>",1
1213351,1730139309,dynato24,en,"<div class=""ttypography""><p>meow meow meow meow (what i was made for tune)</p></div>",0
1213352,1730139316,Nandan1436,en,"<div class=""ttypography""><p>You have to choose two cells at a time. In this test case the no. of cells is even. So you can't choose any cell outside this given set.</p></div>",0
1213353,1730139442,dynato24,en,"<div class=""ttypography""><p>elaborate please</p></div>",0
1213355,1730139751,swarup19,en,"<div class=""ttypography""><p>Can you please tell how to solve it in O(n)</p></div>",0
1213358,1730139974,SuperMo,en,"<div class=""ttypography""><p>.</p></div>",0
1213361,1730140109,awoo,en,"<div class=""ttypography""><p>My bad :( We only discovered that during the contest. Somehow all incorrect solutions we had were incorrect even on that set of data and all correct were still correct after the generators got fixed. Luckily, not a lot of people got affected by the incomplete tests.</p></div>",31
1213362,1730140402,cwz2024,en,"<div class=""ttypography""><p>Okay, I've come up with a hack and hacked myself:(</p> <div class=""spoiler""><b class=""spoiler-title"">Spoiler</b><div class=""spoiler-content"" style=""display: none;""><pre><code>1
7
3 3 3 125 125 125 125
</code></pre></div></div></div>",0
1213365,1730140693,brave-kid,en,"<div class=""ttypography""><p>I am not caring about rating for now, for now my goal is to get full grasp of $$$D$$$ as soon as possible so that I can become yellow fast</p></div>",0
1213366,1730140895,mahendraakshansh,en,"<div class=""ttypography""><p>Yep I have done this only. Implementation is a bit different but yep</p></div>",0
1213369,1730141012,Muhammad_Osama_Fahim,en,"<div class=""ttypography""><p>Please guide me as well what should i do to improve i tried different approaches but It has become a cycel positive delta in few contests and then a biggest -130 or something, and this loop continues for a long time, Please guide me your what can i do looking at my current situation ?</p></div>",0
1213370,1730141145,DivinePunishment,en,"<div class=""ttypography""><p>could someone provide counter example for<a href=""https://codeforces.com/contest/2026/submission/288612600""> this submission</a> , im getting WA on test 5, and the solution seems kinda silly but it runs in O(60*n^2) in worst case scenario, and it seems correct to me. basically what i do is for every element i, lets call it valid, if for every bit that is set in in a[i], it has atleast 1 valid neighbour. first we assume all indices are valid, and then we check if there is an element that isn't and if there is such an element we delete it, and also since it may have made some other indices valid, but now doesnt anymore, we have to repeat this until no changes occur. this runs in O(60*n^2) in the worst case where we delete 1 element per iteration, and every element will be deleted, so its fast enough. but its getting WA on test 5 and i cant seem to find a simple counterexample.</p></div>",0
1213371,1730141264,DivinePunishment,en,"<div class=""ttypography""><p>thank you counterexample lmao, this one also breaks my code for some reason</p></div>",0
1213372,1730141270,tickbird,en,"<div class=""ttypography""><p>no wonder, D is ChatGPT solvable. in fact, first AC was done by hardstuck gray account.</p></div>",4
1213373,1730141272,PaarthJuneja,en,"<div class=""ttypography""><p>i spent a few seconds thinking the same thing during the contest lol</p><p>notice that the problem statement mentions in bold letters that you can only paint <strong>white</strong> boxes. once you've done the operation on 1 and 2, 2 becomes black so you can't operate on the second box anymore.</p></div>",0
1213374,1730141339,DivinePunishment,en,"<div class=""ttypography""><p>nvm, got it</p></div>",0
1213375,1730141470,yashsinha129,en,"<div class=""ttypography""><p>tk</p></div>",-1
1213377,1730141559,PaarthJuneja,en,"<div class=""ttypography""><p>i went from getting a +65 in yesterday's contest to literally not being able to solve a single problem today. cf contests are SUCH a rollercoaster i swear :\</p></div>",0
1213378,1730141940,pranavoak7698,en,"<div class=""ttypography""><p>Sorry Demon_Master</p></div>",0
1213386,1730143531,vitorfariaa,en,"<div class=""ttypography""><p>literally</p></div>",0
1213387,1730143533,sachin.13,en,"<div class=""ttypography""><p>ok got ,good explanation man :)</p></div>",0
1213388,1730143603,Alosqka,en,"<div class=""ttypography""><p>Cause you have added random things in your code which is greedy when you saw the sample test cases</p><p>if(n%2!=0 &amp;&amp; !x &amp;&amp; (((num[i]-num[i-1]+1)/2&lt;=mid) || i==1))</p><p>i) why i==1 is getting a free choice</p><p>ii) why n%2!=0? it makes no sense. If you approach is because you are already going to use one point to get even points then you are correct but making such mess in the same line? Cause later you are doing i==1 which means you are skipping a element at position = 0. Which again makes no sense cause you can pair any of the i so why position i=0 is getting a priority?</p><p>iii) (num[i]-num[i-1]+1)/2 &lt;= mid makes no sense because the new point you will be placing will be not at the middle it will be anywhere ITS FREE WILL. By placing it at the middle of num[i] and num[i-1] gives no contribution cause you are meant to stick the power up for the first element that violates the &lt;=mid thing with its next right neighbor (according to greedy approach).</p><p>I hope you understand that you have just written many wrong things and messy in a single line.</p><p>Dont be sad or angry about it. Understand it calmly and keep grinding.</p><p>If you need my bs approach (a clean code) <a href=""https://codeforces.com/contest/2026/submission/288520406"">https://codeforces.com/contest/2026/submission/288520406</a></p><p>Thank You!</p></div>",0
1213389,1730144017,Nandan1436,en,"<div class=""ttypography""><p>No I got it. I should have read the question carefully to fully understand it. Couldn‚Äôt give my best performance today.</p></div>",0
1213390,1730144433,Alosqka,en,"<div class=""ttypography""><p>Its okay buddy. Sometimes we perform good and sometimes we perform bad. </p><p>Cheers that you are consistent with giving contests! <strong>Keep grinding</strong> üòá</p></div>",0
1213399,1730146472,PaciukZvichainyi,en,"<div class=""ttypography""><p>I agree that it is too much for E. But it seems to me that we have no right to complain, since this is Educ and in fact it is intended for this: you know an algorithm ‚Äî 3 minutes will be enough for you, if you don't know ‚Äî you are cooked for the next two hours.</p></div>",0
1213402,1730148208,SilverCipher,en,"<div class=""ttypography""><p>Educational contest educated me that I know nothing. Nothing: No, you don't know me. Me: He knows me. He: Who, are you? Who: No, I am not &quot;?&quot;. Not: No, your not Not. No: I know.</p></div>",10
1213406,1730148823,invincible_rj,en,"<div class=""ttypography""><p>C was easier than B, also A was weird. not a balanced contest tbh,</p></div>",7
1213410,1730151671,Alenygam,en,"<div class=""ttypography""><p>Yea I just upsolved it and this problem was a pain. It took me quite a bit to implement it and iron out all the bugs...</p><p>Also not very &quot;educational&quot;. It doesn't really teach you to think differently, just &quot;implement harder&quot;.</p></div>",10
1213411,1730152876,thietgia3452002,en,"<div class=""ttypography""><p>O(N) solution for (B): <a href=""/contest/2026/submission/288645656"" title=""–ü–æ—Å—ã–ª–∫–∞ 288645656 –æ—Ç thietgia3452002"">288645656</a> I refuse to elaborate, I hate (B).</p></div>",-1
1213412,1730153340,jeroenodb,en,"<div class=""ttypography""><p>I now got affected due to some runtime error that only fires if there's actually operations of this type in the input.</p></div>",1
1213432,1730161130,Ranlen,en,"<div class=""ttypography""><p>I solved it with prefixes in and I think its pretty clear O(n) <a href=""https://codeforces.com/contest/2026/submission/288565752"">288565752</a></p></div>",-1
1213443,1730163877,Oanh_va_Khoi,en,"<div class=""ttypography""><p>This is the first time I have ever knew about &quot; set bit &quot; word. I call it is &quot;bit 1&quot; :D</p></div>",3
1213454,1730171985,satwika_55,en,"<div class=""ttypography""><p>What the hell was that B question ?? After several incorrect submissions, I came to a conclusion that its a BS + DP problem.</p></div>",1
1213455,1730171995,Hazer_BJU,en,"<div class=""ttypography""><p>I can't figure out why this code got WA on D. How mysterious.</p> <pre><code>#include &lt;bits/stdc++.h&gt;
#define MAXN 300005
using namespace std;
typedef long long llong;
llong n,q,L,R;
llong a[MAXN],presum[MAXN],sumsum[MAXN],press[MAXN],ppsum[MAXN];
llong find_pos(llong p) {
	llong l=1,r=n+1;
	while(r!=l+1) {
		llong mid=(l+r)/2;
		if (n*(n+1)/2-(mid-1)*mid/2&gt;=p) l=mid;
		else r=mid;
	}
	return l;
}
llong query(llong p) {
	if (p==0) return 0;
	llong len=find_pos(p),order=n-len+1;
	llong starting=n*(n+1)/2-len*(len+1)/2+1;
	llong minus=presum[order-1];
	llong ans=ppsum[p-starting+order]-ppsum[order-1]-minus*(p-starting+1)+press[order-1];
	return ans;
}
int main() {
	ios::sync_with_stdio(false);
	cin.tie(0);
	cout.tie(0);
	cin&gt;&gt;n;
	for (llong i=1;i&lt;=n;i++) {
		cin&gt;&gt;a[i];
		presum[i]=presum[i-1]+a[i];
		ppsum[i]=ppsum[i-1]+presum[i];
		sumsum[1]+=presum[i];
	}
	press[1]=sumsum[1];
	for (llong i=2;i&lt;=n;i++) {
		sumsum[i]=sumsum[i-1]-(i-1)*(n-i+2);
		press[i]=press[i-1]+sumsum[i];
	}
	cin&gt;&gt;q;
	for (llong i=1;i&lt;=q;i++) {
		cin&gt;&gt;L&gt;&gt;R;
		cout&lt;&lt;query(R)-query(L-1)&lt;&lt;'\n';
	}
	return 0;
}
</code></pre></div>",-8
1213456,1730172184,Hazer_BJU,en,"<div class=""ttypography""><p>For even numbers, it is only possible to paint them pairwise from left to right. For odd numbers, you can delete one element and solve it as even numbers.</p></div>",0
1213471,1730177631,vitorfariaa,en,"<div class=""ttypography""><p>you can bruteforce it: for n even, just pair up all values, for n odd, fix every value and pair the others and see which way you get the minimum cost</p></div>",0
1213473,1730177922,vuysztrcKJBHVIUVbkjbkhj,en,"<div class=""ttypography""><p>please help me to find why this code is not working for c <a href=""https://codeforces.com/contest/2026/problem/C"">https://codeforces.com/contest/2026/problem/C</a></p> <pre><code>//this is code
#include &lt;iostream&gt;
#include &lt;string&gt;
using namespace std;
¬†
int main() {
    int tc;
    cin &gt;&gt; tc;
    while (tc-- &gt; 0) {
        int n;
        cin &gt;&gt; n;
        string str;
        cin &gt;&gt; str;
        int s = 0, e = str.length() &amp;mdash; 1;
        long long ans = 0;
        
        while (s &lt;= e) {
            if (e - 1 &gt;= s &amp;&amp; str[e - 1] == '0') {
                int idx = e - 1;
                while (idx &gt;= s &amp;&amp; str[idx] == '0') {
                    ans += (idx + 1);
                    idx--;
                }
                e = idx;
            } else {
                ans += (s + 1);
                s++;
                e--;
            }
        }
        cout &lt;&lt; ans &lt;&lt; endl;
    }
    return 0;
}
</code></pre></div>",-8
1213480,1730178982,sleepyAdarsh,en,"<div class=""ttypography""><p>nice I am also gonna use it now in today's codechef</p></div>",1
1213481,1730179074,sleepyAdarsh,en,"<div class=""ttypography""><p>I was able to solve black circle pretty fast that time this one was hard for div2 A</p></div>",0
1213483,1730179513,sleepyAdarsh,en,"<div class=""ttypography""><p>I was knowing it was greedy and came up with this idea but couldn't implement again. Fck my implementation skills fk it</p></div>",0
1213485,1730179691,chenhongrui,en,"<div class=""ttypography""><p>Awesome contest!I am rank 3 and will become IM!</p></div>",-2
1213491,1730180534,Abito,en,"<div class=""ttypography""><p>No it's not possible because even a mask where the bits might not be minimized might be better for bigger j and many other stuff </p></div>",-8
1213495,1730182707,drexdelta,en,"<div class=""ttypography""><p>means, +250 is waiting for you, only if you practice hard. </p></div>",4
1213497,1730183243,nguyenquocthao00,en,"<div class=""ttypography""><p>KHTN</p></div>",0
1213505,1730185084,TCS_Bhediya,en,"<div class=""ttypography""><p>i didn't solve a single question in this Edu round, I'm easily having -150 in this contest.</p></div>",0
1213507,1730185374,TCS_Bhediya,en,"<div class=""ttypography""><p>Idk why i'm getting TLE in A. the constraints were pretty lenient for O(N * N) solution <a href=""/contest/2026/submission/288664487"" title=""–ü–æ—Å—ã–ª–∫–∞ 288664487 –æ—Ç TCS_Bhediya"">288664487</a></p></div>",0
1213509,1730185556,TCS_Bhediya,en,"<div class=""ttypography""><p>Well, you just had to fix any two points of the two lines at the corners of the (x * y) rectangle, then vary the other two on x and y axes. I got TLE tho <a href=""/contest/2026/submission/288664487"" title=""–ü–æ—Å—ã–ª–∫–∞ 288664487 –æ—Ç TCS_Bhediya"">288664487</a></p></div>",0
1213510,1730185866,minuki646,en,"<div class=""ttypography""><p>I learned my lesson after failing black circles.</p><p>Do guessing sometimes, trade off between a penalty vs a quick solve + spare time for other problems.</p></div>",0
1213511,1730185992,FatihCihan,en,"<div class=""ttypography""><p>5e3 * 1e3 * 1e3 = 5e9 , obviously TLE , you should always aim for &lt;1e9 (unless the time limit is huge).</p></div>",0
1213513,1730186044,minuki646,en,"<div class=""ttypography""><p>Chill mate, look at me hard stuck in pupils for 4 months already and still die trying. You peaked in specialist is a good stuff, keep going.</p></div>",0
1213514,1730186091,vitorfariaa,en,"<div class=""ttypography""><p>you did some overthinking, if y&gt;k and x&gt;k you can just make an &quot;L&quot; on the grid, and if k&gt;x or k&gt;y you make an X on the grid xd</p></div>",0
1213516,1730186359,TCS_Bhediya,en,"<div class=""ttypography""><p>Oh damn, I forgot that test cases complexity too counts.</p></div>",0
1213517,1730186445,TCS_Bhediya,en,"<div class=""ttypography""><p>I had that idea but idk why i messed up. This costed me the whole round, because i gave up on A.</p></div>",0
1213525,1730188297,Hardy_Lee,en,"<div class=""ttypography""><p>Why unrated?</p></div>",0
1213531,1730189340,Tannyyyyy12,en,"<div class=""ttypography""><p>Ratings will change in sometime i guess..</p></div>",0
1213532,1730189565,Hardy_Lee,en,"<div class=""ttypography""><p>But unrated allowed maybe.</p></div>",0
1213535,1730190139,2288,en,"<div class=""ttypography""><p>Actually, the constraints are on X,Y and K in each test case, not on the sum of them over all test cases. So time complexity of O(XY) (or something else that is second order) requires a worst case of 1000*1000*5000 calculations, exceeding the time limit </p></div>",0
1213540,1730191343,TCS_Bhediya,en,"<div class=""ttypography""><p>Yeah, i realised that after fucking up my contest :(</p></div>",0
1213558,1730192874,DivinePunishment,en,"<div class=""ttypography""><p>orz</p></div>",0
1213584,1730200563,TokaiZaopen,en,"<div class=""ttypography""><p>problem D makes me feel like I'm not participating in CP ‚Ä¶‚Ä¶ All of the difficulty is to write the code. Too little about algorithm and too much about coding. Well, maybe it can help us improve our coding ability ‚Ä¶‚Ä¶</p></div>",36
1213589,1730201870,Lirnited,en,"<div class=""ttypography""><p>problem E is also not good. If you know Maximum Weight Closed Subgraph you can solve it quickly, but if you don't know that you are hardly solve it.</p><p>I think Div .2 D and E should have good ideas without too hard code or too hard algorithm.</p></div>",5
1213590,1730202285,sleepyAdarsh,en,"<div class=""ttypography""><p>ahh mate I peaked there I am trying really hard right now solving 1300-1500 range alot hoping to improve soon</p></div>",0
1213591,1730202403,sleepyAdarsh,en,"<div class=""ttypography""><p>u know what in the black circle problem I was able to visualize how it would be moving so I was able to come up with the distance formula solution but with this one I couldn't visualize what was happening so it took me time</p></div>",0
1213629,1730208083,darishkhan,en,"<div class=""ttypography""><p>Binary search would pass. I did it with binary search.</p></div>",0
1213634,1730209180,Proof_by_QED,en,"<div class=""ttypography""><p>Isnt the point of Educational Rounds to teach these topics to a wider range of participants? </p></div>",28
1213642,1730211153,-firefly-,en,"<div class=""ttypography""><p>By your logic, Problem F is also formulaic for those who knows tree division ‚Äî it is just to decompose the knapsack dp onto a tree. However, in my opinion an edu round is to be formulaic as it aims to educate.</p></div>",6
1213643,1730211194,liuzimingc,en,"<div class=""ttypography""><p>sbsbsbsbsbsbsb</p></div>",-25
1213650,1730212046,Lirnited,en,"<div class=""ttypography""><p>In my opinion, Edu round is more important to teach participants how to solve problem rather than a specific algorithm. In most contests like ICPC, only learned algorithms is not enough, it's more important to know when to use it and how to use it.</p><p>It is acceptable to set problems like E or F. But I think problems which have more thinking instead of hard hard code or hard algorithm are better in a 2 hour edu round.</p></div>",-8
1213668,1730215317,awoo,en,"<div class=""ttypography""><p><i>Auto comment: topic has been updated by <a class=""rated-user user-red"" href=""/profile/awoo"" title=""–ì—Ä–æ—Å—Å–º–µ–π—Å—Ç–µ—Ä awoo"">awoo</a> (<a href=""/topic/136214/en3"">previous revision</a>, <a href=""/topic/136214/en4"">new revision</a>, <a href=""/topic/136214/diff/en3/en4"">compare</a>).</i></p></div>",0
1213691,1730218642,IF-THEN,en,"<div class=""ttypography""><p>I enjoyed this contest. It was really good! I don't understand why this post is downvoted. </p></div>",-3
1213858,1730274172,sarodesparsh,en,"<div class=""ttypography""><p>Nice, using suffix and prefix max</p></div>",0
1213985,1730305336,lhlephuocdao,en,"<div class=""ttypography""><p>Could you explain your solution?</p></div>",0
1215756,1730726104,LJY--2002,en,"<div class=""ttypography""><p>thanks</p></div>",0
1215795,1730732162,wille_und_vorstellung,en,"<div class=""ttypography""><p>same for me, could you solve the problem??</p></div>",0
1215955,1730786843,mithudonbadmosh,en,"<div class=""ttypography""><p>For problem D </p><p>The approach to this problem starts by precomputing powers of 2 up to the maximum needed range. This allows us to quickly apply these powers to elements without recalculating them each time, making the solution more efficient. For each element in the array, we break it down into two parts: an odd part and the largest power of 2 it can be divided by. This decomposition is useful because it lets us keep track of how much &quot;doubling power&quot; each element has.</p><p>To efficiently combine elements and maximize the sum, we use a stack. For each new element in the prefix, we check if we can combine it with elements already in the stack to get the highest possible sum. We do this by removing elements from the stack that have lower effective doubling power, adding their contribution to the sum, and redistributing powers to make the current element as strong as possible. After processing each element, we push it onto the stack, updating the sum for the current prefix.</p><p>Finally, we output the maximum sum for each prefix, taking results modulo to handle large numbers. This approach naturally follows from the problem‚Äôs constraints, as maximizing sums by doubling requires managing powers of 2 and combining elements optimally. As a result, it‚Äôs not unusual for solutions to resemble each other since the problem‚Äôs setup leads directly to this method.</p></div>",0
1222151,1732783455,kagelov,en,"<div class=""ttypography""><p>I couldn't still</p></div>",0
1227341,1734099179,conoda,en,"<div class=""ttypography""><p>open the dm for a second <a class=""rated-user user-red"" href=""/profile/Umi"" title=""Grandmaster Umi"">Umi</a></p></div>",0
